key,kind,title,sidebar_title,slug,path,external_url,category,parent_key,nav_order,article_type,disposition,status,technical_risk,technical_status,public_safety_status,related_keys,summary,notes
cat-getting-started,category_hub,Getting started,Getting started,getting-started,/docs/getting-started/,,Getting started,,1,overview,maintain,approved,C,validated,reviewed_safe,cat-api-reference|cat-sites|cat-wordpress-management,"Learn what WP Cloud provides, prepare your integration, launch your offering, and get support.","Category hub for platform orientation, onboarding, support, and the first API workflow."
doc-getting-support,article,Get support from WP Cloud,Get support,get-support,/docs/getting-started/get-support/,,Getting started,cat-getting-started,4,how_to,maintain,approved,A,validated,reviewed_safe,doc-partner-support-tiers|doc-key-onboarding-steps|doc-api-quick-start|doc-partner-portal,"Find the correct WP Cloud support channel, collect useful evidence, and understand which issues WP Cloud and hosting partners handle.",Keep this article focused on the public support workflow and scope.
doc-partner-support-tiers,article,WP Cloud partner tiers and platform options,Partner tiers and platform options,partner-tiers-platform-options,/docs/partner-resources/partner-tiers-platform-options/,,Partner resources,cat-policies-reference,5,overview,maintain,approved,A,validated,reviewed_safe,doc-getting-support|doc-partner-portal|doc-key-onboarding-steps|doc-api-quick-start|doc-managed-software|doc-cron-scheduling|doc-on-demand-backups,"Compare Self-Service and Managed WP Cloud partnership models, including support, resources, implementation help, platform-configuration differences, and Managed-only custom chroots.","Cover partnership tiers, resources, feature availability, and platform configuration, not support alone. Custom chroots for managed software are available only to Managed partners. Omit changing revenue thresholds and nonpublic channels, qualify Managed services by the partnership agreement, and direct partnership inquiries to the Partner Portal."
doc-key-onboarding-steps,article,Onboard and launch with WP Cloud,Onboard and launch,onboard-launch,/docs/getting-started/onboard-launch/,,Getting started,cat-getting-started,2,tutorial,maintain,approved,A,validated,reviewed_safe,doc-getting-support|doc-api-quick-start|doc-partner-portal,"Follow the partner journey from evaluation and account setup through API testing, operating procedures, and launch.",Ordered partner journey from evaluation through launch.
doc-api-quick-start,article,WP Cloud API quick start,WP Cloud API quick start,api-quick-start,/docs/api-automation/api-quick-start/,,API & automation,cat-api-reference,2,tutorial,maintain,approved,A,validated,reviewed_safe,doc-getting-support|doc-key-onboarding-steps|doc-partner-portal|doc-api-access|doc-manage-domains,"Use the WP Cloud API to create and inspect sites, manage domains and certificates, change common site settings, and work with access, webhooks, and backups.",Keep the complete quick-start operation set here. Include only a compact production webhook setup and monitoring workflow; the focused Webhooks article remains canonical for complete event and signature details.
doc-partner-portal,article,WP Cloud Partner Portal,WP Cloud Partner Portal,partner-portal,/docs/getting-started/partner-portal/,,Getting started,cat-getting-started,3,overview,maintain,approved,A,validated,reviewed_safe,doc-getting-support|doc-key-onboarding-steps|doc-api-quick-start,"Use the authenticated WP Cloud Partner Portal to review account and partnership details, site inventory and Insights, manage available account features, contact support, and view accepted documents.",Keep the current portal sections and access boundaries. API key and billing management are restricted. Additional users can be invited to review Inventory and Insights. Do not invent portal roles or deeper permission behavior.
doc-platform-overview,article,WP Cloud platform overview,WP Cloud platform overview,platform-overview,/docs/getting-started/platform-overview/,,Getting started,cat-getting-started,1,overview,maintain,approved,A,validated,reviewed_safe,doc-getting-support|doc-key-onboarding-steps|doc-api-quick-start,"Understand how WP Cloud hosts and routes WordPress sites, manages software and cache layers, and divides responsibilities with partners.",Canonical platform orientation.
doc-glossary,article,WP Cloud glossary,Glossary,glossary,/docs/getting-started/glossary/,,Getting started,cat-getting-started,5,reference,maintain,ready_for_review,A,validated,reviewed_safe,cat-api-reference|cat-sites|cat-access-users|cat-performance|cat-security|cat-backups-recovery|cat-monitoring-observability|cat-infrastructure|cat-wordpress-management,"Look up common WP Cloud account, API, site, domain, infrastructure, cache, security, backup, monitoring, access, and WordPress runtime terms.","Definitions follow the maintained WP Cloud terminology standard, the complete public corpus, canonical topic articles, and the current generated WP Cloud API reference. Preserve distinctions for API names and asynchronous state, server pools, traffic and resource limits, platform roles, WordPress account boundaries, the runtime stack, network diagnostics, integrations, request and cache indicators, recovery states, and observability terminology."
cat-api-reference,category_hub,API & automation,API & automation,api-automation,/docs/api-automation/,,API & automation,,2,overview,maintain,approved,C,validated,reviewed_safe,cat-getting-started|cat-sites|cat-wordpress-management|doc-client-ssh,"Authenticate with the WP Cloud API and automate site, event, and fleet operations.",Use one short term description; the theme lists articles automatically.
doc-api-access,article,Manage and secure API keys,Manage and secure API keys,api-access,/docs/api-automation/api-access/,,API & automation,cat-api-reference,1,how_to,maintain,approved,A,validated,reviewed_safe,doc-api-quick-start,"Create, restrict, store, test, change, rekey, and revoke WP Cloud API keys through the Partner Portal or WP Cloud Support.",Keep credential handling and IP restrictions here; endpoint schemas remain in the generated API reference.
cat-sites,category_hub,Sites,Sites,sites,/docs/sites/,,Sites,,3,overview,maintain,approved,C,validated,reviewed_safe,cat-getting-started|cat-api-reference|cat-wordpress-management,"Create, configure, clone, stage, and manage sites and their domains.",Use one short term description; the theme lists articles automatically.
doc-cloning,article,Clone a site,Clone a site,cloning,/docs/sites/cloning/,,Sites,cat-sites,1,how_to,maintain,approved,B,validated,reviewed_safe,doc-site-meta|doc-api-quick-start|doc-delete-sites,"Clone a WP Cloud site from an existing site ID or domain, and understand how copied users, credentials, URLs, and Persistent Data behave.",
doc-site-meta,article,"Configure resources, site type, and billing with site meta","Configure resources, site type, and billing with site meta",site-meta,/docs/sites/site-meta/,,Sites,cat-sites,2,reference,maintain,approved,A,validated,reviewed_safe,doc-cloning|doc-api-quick-start|doc-delete-sites,"Configure PHP resources, storage, site type, and billing classification with WP Cloud site meta.","Add resource-tier and scaling details only after billing and limit validation. Preserve the documented ZFS accounting boundary, included and excluded storage, compression behavior, and the refresh interval for `space_used`."
doc-delete-sites,article,Delete a site,Delete a site,delete-sites,/docs/sites/delete-sites/,,Sites,cat-sites,3,how_to,maintain,approved,A,validated,reviewed_safe,doc-cloning|doc-site-meta|doc-api-quick-start,"Understand permanent deletion, consider a partner-owned grace period, and delete a site through the WP Cloud API.",Keep deletion and the optional soft-delete alternative here. Put irreversible effects beside the action; do not add a standalone verification section unless it has independently useful checks.
hub-domains,topic_hub,Domains,Domains,domains,/docs/sites/domains/,,Sites,cat-sites,4,overview,maintain,ready_for_review,C,validated,reviewed_safe,doc-manage-domains|doc-domain-verification-records|doc-tls-certificates|doc-custom-tls-certificates,"Manage WP Cloud site domains, DNS verification, aliases, primary-domain changes, DNS addresses, and TLS certificates.","Keep this as navigation. Focused child articles cover domain management, verification records, and TLS certificates."
doc-manage-domains,article,Manage site domains and aliases,Manage domains and aliases,manage-domains-aliases,/docs/sites/domains/manage-domains-aliases/,,Sites,hub-domains,1,how_to,maintain,approved,A,validated,reviewed_safe,doc-domain-verification-records|doc-tls-certificates|doc-ip-ranges|doc-multisite|doc-api-quick-start,"Manage primary and secondary WP Cloud site domains, control alias canonicalization, retrieve suggested DNS addresses, and avoid domain collisions.","Keep this focused on domain management and shared `canonicalize_aliases` behavior. The complete domain-based multisite procedure remains in the Multisite article. Validate API methods, paths, parameters, and response fields against the current public API contract when changing them."
doc-persistent-data,article,Persistent data,Persistent data,persistent-data,/docs/sites/persistent-data/,,Sites,cat-sites,5,reference,maintain,approved,B,validated,reviewed_safe,doc-cloning|doc-site-meta|doc-api-quick-start,"Store partner-controlled site values, update them through the API, and read them safely in WordPress.",
doc-staging-sites,article,Staging sites,Staging sites,staging-sites,/docs/sites/staging-sites/,,Sites,cat-sites,6,overview,maintain,approved,A,validated,reviewed_safe,doc-cloning|doc-site-meta|doc-api-quick-start,Provide customer-facing staging sites with the correct billing classification and an optional partner-owned promotion workflow.,
doc-domain-verification-records,article,Domain verification records,Domain verification records,domain-verification-records,/docs/sites/domains/domain-verification-records/,,Sites,hub-domains,2,how_to,maintain,approved,A,validated,reviewed_safe,doc-manage-domains|doc-tls-certificates,Publish WP Cloud DNS TXT verification records when a domain is already assigned to a different host client.,
doc-tls-certificates,article,TLS certificates,TLS certificates,tls-certificates,/docs/sites/domains/tls-certificates/,,Sites,hub-domains,3,overview,maintain,approved,A,validated,reviewed_safe,doc-manage-domains|doc-domain-verification-records|doc-custom-tls-certificates|doc-troubleshoot-tls-provisioning,"Understand how WP Cloud provisions, installs, and renews TLS certificates for site domains.",Focused platform behavior article. Troubleshooting moved to doc-troubleshoot-tls-provisioning.
doc-custom-tls-certificates,article,Manage custom TLS certificates,Custom TLS certificates,custom-tls-certificates,/docs/sites/domains/custom-tls-certificates/,,Sites,hub-domains,4,how_to,maintain,approved,A,validated,reviewed_safe,doc-tls-certificates|doc-domain-verification-records|doc-manage-domains,"Validate, stage, activate, renew, deactivate, and remove partner-supplied TLS certificates safely.",
cat-wordpress-management,category_hub,WordPress on WP Cloud,WordPress on WP Cloud,wordpress,/docs/wordpress/,,WordPress on WP Cloud,,6,overview,maintain,ready_for_review,C,validated,reviewed_safe,cat-getting-started|cat-api-reference|cat-sites,"Work with WordPress configuration, managed software, runtime versions, email, and command-line tools.","Category hub for managed software, runtime versions, email, WP-CLI, and WordPress configuration."
doc-abspath,article,ABSPATH,ABSPATH,abspath,/docs/wordpress/configuration/abspath/,,WordPress on WP Cloud,hub-wordpress-configuration,1,reference,maintain,approved,B,validated,reviewed_safe,doc-managed-software|doc-default-wp-config|doc-site-constants,Understand why ABSPATH points to managed WordPress core on WP Cloud and use WP_CONTENT_DIR for site-owned files.,
doc-custom-redirects,article,Configure redirects and headers with custom-redirects.php,Configure redirects and headers with custom-redirects.php,custom-redirects,/docs/wordpress/configuration/custom-redirects/,,WordPress on WP Cloud,hub-wordpress-configuration,4,how_to,maintain,approved,A,validated,reviewed_safe,doc-page-cache|doc-edge-cache|doc-troubleshoot-page-edge-cache,"Add early PHP redirects, response headers, and narrow access rules with custom-redirects.php.",
doc-decoupled-headless,article,Decoupled and headless WordPress,Decoupled and headless WordPress,decoupled-headless,/docs/wordpress/decoupled-headless/,,WordPress on WP Cloud,cat-wordpress-management,7,overview,maintain,approved,B,validated,reviewed_safe,doc-rate-limiting|doc-troubleshoot-429-599|hub-cache,"Build WPGraphQL headless sites while controlling build concurrency, repeated requests, caching, and rate limiting.",
doc-default-wp-config,article,Default wp-config.php,Default wp-config.php,default-wp-config,/docs/wordpress/configuration/default-wp-config/,,WordPress on WP Cloud,hub-wordpress-configuration,2,reference,maintain,approved,B,validated,reviewed_safe,doc-abspath|doc-site-constants|doc-database-credentials,Recreate the default WP Cloud wp-config.php structure without replacing managed database settings.,
doc-yoast-indexables,article,Repair Yoast indexables,Repair Yoast indexables,yoast-indexables,/docs/wordpress/yoast-indexables/,,WordPress on WP Cloud,cat-wordpress-management,8,how_to,maintain,approved,B,validated,reviewed_safe,doc-cloning|doc-domain-verification-records|doc-useful-wp-cli-commands,Rebuild Yoast indexables after a clone or domain change so canonical URLs use the current domain.,
hub-runtime-software,topic_hub,Software and versions,Software and versions,software-versions,/docs/wordpress/software-versions/,,WordPress on WP Cloud,cat-wordpress-management,2,overview,maintain,ready_for_review,C,validated,reviewed_safe,doc-abspath|doc-custom-redirects|doc-decoupled-headless,"Understand the WordPress and PHP versions, managed software, and plugin compatibility boundaries on WP Cloud.","Replace the empty Software & Environments parent with a useful route to WordPress, PHP, and managed-software guidance."
doc-site-constants,article,Site constants,Site constants,site-constants,/docs/wordpress/configuration/site-constants/,,WordPress on WP Cloud,hub-wordpress-configuration,3,reference,maintain,approved,B,validated,reviewed_safe,doc-abspath|doc-persistent-data|doc-default-wp-config,"Use WP Cloud PHP constants to identify the platform, Atomic Site ID, and host client ID.",
doc-wordpress-email,article,Transactional email,Transactional email,transactional-email,/docs/wordpress/transactional-email/,,WordPress on WP Cloud,cat-wordpress-management,4,overview,maintain,approved,A,validated,reviewed_safe,doc-troubleshoot-email-delivery|doc-webhooks|doc-multisite,"Configure WP Cloud transactional email, DNS authentication, abuse-block handling, and external email service providers.","Cover SMTP behavior, sending limits, DNS records, SPF, DKIM, DMARC, abuse detection, the Email Block API and webhook, alternatives, and provider guidance. Keep time-sensitive SMTP egress ranges out of the article. Basic delivery troubleshooting belongs in the focused troubleshooting article."
doc-multisite,article,WordPress multisite,WordPress multisite,multisite,/docs/wordpress/multisite/,,WordPress on WP Cloud,cat-wordpress-management,5,how_to,maintain,approved,A,validated,reviewed_safe,doc-manage-domains|doc-wordpress-email|doc-domain-verification-records|doc-useful-wp-cli-commands,"Create a WordPress multisite network and configure WP Cloud aliases, canonicalization, cookies, domains, and cache.",
doc-cron-scheduling,article,Cron scheduling,Cron scheduling,cron-scheduling,/docs/wordpress/cron-scheduling/,,WordPress on WP Cloud,cat-wordpress-management,6,overview,maintain,approved,A,validated,reviewed_safe,doc-webhooks|doc-tasks|doc-client-ssh|doc-api-quick-start,"Choose, configure, and monitor WordPress or WP Cloud cron scheduling without assuming exact run times.",Advanced schedules are reserved for approved Managed partners.
hub-wp-cli,topic_hub,WP-CLI,WP-CLI,wp-cli,/docs/wordpress/wp-cli/,,WordPress on WP Cloud,cat-wordpress-management,3,overview,maintain,ready_for_review,C,validated,reviewed_safe,doc-abspath|doc-custom-redirects|doc-decoupled-headless,Use WP-CLI over SSH to manage WordPress and run commands provided on WP Cloud.,Keep the orientation and strict-argument boundary here. Do not repeat command details from child articles.
doc-akismet-jetpack,article,Akismet and Jetpack,Akismet and Jetpack,akismet-jetpack,/docs/wordpress/software-versions/akismet-jetpack/,,WordPress on WP Cloud,hub-runtime-software,1,reference,maintain,approved,B,validated,reviewed_safe,doc-managed-software|doc-blocked-unsupported-plugins|doc-jetpack-backups,Understand the platform-managed Akismet and Jetpack packages and how to unlock one before removal.,
doc-blocked-unsupported-plugins,article,Blocked and unsupported plugins,Blocked and unsupported plugins,blocked-unsupported-plugins,/docs/wordpress/software-versions/blocked-unsupported-plugins/,,WordPress on WP Cloud,hub-runtime-software,2,reference,maintain,approved,A,validated,reviewed_safe,doc-managed-software|doc-akismet-jetpack|doc-php-versions,"Review platform-blocked plugins, built-in caching conflicts, server requirements, and partner-specific restrictions.",
doc-php-versions,article,PHP lifecycle and supported versions,PHP lifecycle and supported versions,php-versions,/docs/wordpress/software-versions/php-versions/,,WordPress on WP Cloud,hub-runtime-software,3,reference,maintain,approved,A,validated,reviewed_safe,doc-wordpress-versions|doc-managed-software|doc-site-meta,"Check available PHP versions, manage a site's version, and plan customer upgrades before a version retires.",
doc-managed-software,article,Symlinks and managed software,Symlinks and managed software,managed-software,/docs/wordpress/software-versions/managed-software/,,WordPress on WP Cloud,hub-runtime-software,4,overview,maintain,approved,A,validated,reviewed_safe,doc-managed-software-wp-cli|doc-wordpress-versions|doc-akismet-jetpack|doc-partner-support-tiers,"Understand WP Cloud symlinks, platform and client-managed software, external repositories, deployment, and rollback channels.",Keep the architecture and workflows here. Add managed plugin and theme details only after repository and deployment behavior is verified. Custom chroots are available only to Managed partners and require account-level approval and configuration.
doc-wordpress-versions,article,WordPress versions,WordPress versions,wordpress-versions,/docs/wordpress/software-versions/wordpress-versions/,,WordPress on WP Cloud,hub-runtime-software,5,reference,maintain,approved,A,validated,reviewed_safe,doc-managed-software|doc-php-versions|doc-webhooks,Understand WP Cloud managed WordPress version channels and check or change a site's channel.,
doc-install-composer-wp-cli-packages,article,Install Composer and WP-CLI packages,Install Composer and WP-CLI packages,install-composer-wp-cli-packages,/docs/wordpress/wp-cli/install-composer-wp-cli-packages/,,WordPress on WP Cloud,hub-wp-cli,1,how_to,maintain,approved,B,validated,reviewed_safe,doc-client-ssh|doc-useful-wp-cli-commands|doc-troubleshoot-site-performance,Install Composer and site-scoped WP-CLI packages over Client SSH on WP Cloud.,
doc-managed-software-wp-cli,article,Manage platform software with WP-CLI,Manage platform software with WP-CLI,managed-software-wp-cli,/docs/wordpress/wp-cli/managed-software-wp-cli/,,WordPress on WP Cloud,hub-wp-cli,2,reference,maintain,approved,B,validated,reviewed_safe,doc-managed-software|doc-useful-wp-cli-commands|doc-install-composer-wp-cli-packages,Switch eligible plugins and themes between managed symlinks and site-owned installations with WP-CLI.,
doc-useful-wp-cli-commands,article,Useful WP-CLI commands,Useful WP-CLI commands,useful-wp-cli-commands,/docs/wordpress/wp-cli/useful-wp-cli-commands/,,WordPress on WP Cloud,hub-wp-cli,3,reference,maintain,approved,B,validated,reviewed_safe,doc-managed-software-wp-cli|doc-install-composer-wp-cli-packages|doc-error-logs,"Use common WordPress and WP Cloud WP-CLI commands for plugins, themes, cache, content, errors, and troubleshooting.",
cat-performance,category_hub,Performance,Performance,performance,/docs/performance/,,Performance,,7,overview,maintain,not_started,C,not_started,not_started,hub-cache|doc-autoloaded-options,"Use WP Cloud caching, image services, and performance controls effectively.",Use one short term description; the theme lists child categories and articles automatically.
hub-cache,topic_hub,Cache,Cache,cache,/docs/performance/cache/,,Performance,cat-performance,1,overview,maintain,approved,C,validated,reviewed_safe,doc-edge-cache|doc-page-cache|doc-object-cache|doc-troubleshoot-page-edge-cache,"WP Cloud uses Edge Cache, Page Cache, and Object Cache to store responses and WordPress data at different layers. Choose a guide below for the cache you need to manage or troubleshoot.",Use one short term description; the theme lists child articles automatically.
doc-autoloaded-options,article,Audit autoloaded options,Autoloaded Options,autoloaded-options,/docs/performance/autoloaded-options/,,Performance,cat-performance,3,how_to,maintain,needs_technical_review,B,in_review,reviewed_safe,doc-object-cache,"Partner engineers and support teams can measure autoloaded WordPress options, identify the largest entries, and plan a safe investigation.",Keep bloated-cache and autoloaded-options context together. Do not place this under Cache because autoloading is a database and WordPress performance concern.
hub-image-optimization,topic_hub,Image optimization,Image optimization,image-optimization,/docs/performance/image-optimization/,,Performance,cat-performance,2,overview,maintain,ready_for_review,C,validated,reviewed_safe,hub-cache|doc-autoloaded-options,Transform uploaded images at the edge and reduce stored intermediate image files on WP Cloud.,
doc-static-files-lightweight-404s,article,Configure lightweight 404s for static files,Lightweight 404s,lightweight-404s-static-files,/docs/performance/lightweight-404s-static-files/,,Performance,cat-performance,4,overview,maintain,approved,B,validated,reviewed_safe,doc-troubleshoot-site-performance|doc-rate-limiting|doc-troubleshoot-429-599,Serve missing static files without loading WordPress and reduce unnecessary PHP and CPU use.,
doc-edge-cache,article,Edge Cache,Edge Cache,edge-cache,/docs/performance/cache/edge-cache/,,Performance,hub-cache,2,overview,maintain,approved,A,validated,reviewed_safe,doc-page-cache|doc-ddos-defensive-mode|doc-troubleshoot-page-edge-cache|ext-api-reference,"Partner engineers and support teams can understand, manage, purge, and verify Edge Cache through WP Admin, the WP Cloud API, and WP-CLI.","Keep architecture, status headers, plugin UI, invalidation, API context, and WP-CLI management. Move Defensive Mode sections to doc-ddos-defensive-mode and cache-failure material to doc-troubleshoot-page-edge-cache."
doc-page-cache,article,Page Cache,Page Cache,page-cache,/docs/performance/cache/page-cache/,,Performance,hub-cache,1,overview,maintain,approved,A,validated,reviewed_safe,doc-edge-cache|doc-object-cache|doc-troubleshoot-page-edge-cache,"Learn how WP Cloud Page Cache works, verify Batcache hits, change cache lifetime, and configure narrowly scoped bypasses.","Keep default behavior, verification, Batcache customization, bypass examples, and safety boundaries together for the MVP. Move common failure diagnosis to doc-troubleshoot-page-edge-cache."
doc-object-cache,article,Object Cache,Object Cache,object-cache,/docs/performance/cache/object-cache/,,Performance,hub-cache,3,overview,maintain,approved,A,validated,reviewed_safe,doc-cache-slow-database-queries|doc-autoloaded-options|doc-page-cache|doc-troubleshoot-site-performance|doc-apm,"Learn how WP Cloud's persistent Object Cache stores WordPress data, how transients behave, and how to troubleshoot caching.","Keep behavior, transients, `wp_cache` functions, bypass cautions, and routine diagnostics here. Keep the slow-query tutorial and autoloaded-options guidance in their focused articles."
doc-cache-slow-database-queries,article,Cache slow database queries,Cache Slow Queries,cache-slow-database-queries,/docs/troubleshooting/cache-slow-database-queries/,,Troubleshooting,cat-troubleshooting,5,tutorial,maintain,approved,A,validated,reviewed_safe,doc-object-cache|doc-autoloaded-options,"Find a repeated slow database query, cache a neutral result safely, add invalidation, and verify cache hits on a staging site.",Keep this as the distinct developer implementation tutorial.
doc-image-transformation,article,Image transformation,Image transformation,image-transformation,/docs/performance/image-optimization/image-transformation/,,Performance,hub-image-optimization,1,reference,maintain,approved,B,validated,reviewed_safe,doc-intermediate-image-offloading|doc-edge-cache,"Resize, crop, and transform uploaded images through WP Cloud's edge network without storing each variation.",
doc-intermediate-image-offloading,article,Offload image sub-sizes,Offload image sub-sizes,offload-image-sub-sizes,/docs/performance/image-optimization/offload-image-sub-sizes/,,Performance,hub-image-optimization,2,how_to,maintain,approved,B,validated,reviewed_safe,doc-image-transformation|doc-site-meta|doc-useful-wp-cli-commands,Reduce stored WordPress image subsizes and serve requested intermediate images from the original upload.,
cat-security,category_hub,Security,Security,security,/docs/security/,,Security,,8,overview,maintain,not_started,C,not_started,not_started,doc-ddos-defensive-mode|doc-rate-limiting,"Understand and use WP Cloud traffic, login, and site-security protections.",Use one short term description; the theme lists child categories and articles automatically.
doc-ddos-defensive-mode,article,Defensive Mode,Defensive Mode,defensive-mode,/docs/security/traffic-protection/defensive-mode/,,Security,hub-security-traffic-protection,2,overview,maintain,approved,A,validated,reviewed_safe,doc-ddos-protection|doc-edge-cache|doc-rate-limiting|doc-troubleshoot-429-599|ext-api-reference,Use an on-demand browser challenge to reduce unwanted automated traffic during a bot or DDoS event.,"Keep all Defensive Mode behavior, limits, WP-CLI, API, automatic-mode, and validation guidance here."
doc-rate-limiting,article,Rate limiting,Rate Limiting,rate-limiting,/docs/security/traffic-protection/rate-limiting/,,Security,hub-security-traffic-protection,3,overview,maintain,approved,A,validated,reviewed_safe,doc-ddos-protection|doc-ddos-defensive-mode|doc-troubleshoot-429-599,"Understand how WP Cloud classifies excessive requests, when HTTP 429 responses are expected, and when they require investigation.","Keep rate-limiting behavior, the 429 overview, bot traffic, and platform policy boundaries here. Detailed error diagnosis and 599 resource limiting belong in the focused troubleshooting article. Missing user agents can make legitimate automated requests resemble abusive traffic and increase their chance of matching a rate limit."
doc-bot-protection,article,Bot protection,Bot protection,bot-protection,/docs/security/login-protection/bot-protection/,,Security,hub-security-login-protection,1,how_to,maintain,approved,A,validated,reviewed_safe,doc-password-protection|doc-error-logs|doc-compromised-sites,"Enable WP Cloud Bot Protection for standard WordPress login and password-reset forms, then test and troubleshoot it safely.","Preserve availability, rollout behavior, logging, and troubleshooting details."
doc-http-security-headers,article,HTTP and security headers,HTTP and security headers,http-security-headers,/docs/security/site-security/http-security-headers/,,Security,hub-security-site-security,1,how_to,maintain,approved,A,validated,reviewed_safe,doc-custom-redirects|doc-page-cache|doc-edge-cache|doc-tls-certificates,Understand WP Cloud response-header boundaries and add appropriate application headers with WordPress or custom-redirects.php.,
doc-firewalls,article,Network and web application firewalls,Network and web application firewalls,firewalls,/docs/security/traffic-protection/firewalls/,,Security,hub-security-traffic-protection,4,overview,maintain,approved,A,validated,reviewed_safe,doc-reserved-http-status-codes|doc-rate-limiting|doc-client-ssh,"Understand WP Cloud inbound access, outbound firewall rules, and web application firewall responses.",
doc-password-protection,article,Password protection,Password protection,password-protection,/docs/security/login-protection/password-protection/,,Security,hub-security-login-protection,2,how_to,maintain,approved,A,validated,reviewed_safe,doc-bot-protection|doc-compromised-sites|doc-error-logs,"Understand WP Cloud Password Protection, override the host default per site, and test protected WordPress account flows.",
doc-filesystem-permissions,article,PHP filesystem access permissions,PHP filesystem access permissions,filesystem-permissions,/docs/security/site-security/filesystem-permissions/,,Security,hub-security-site-security,2,reference,maintain,approved,A,validated,reviewed_safe,doc-site-meta|doc-compromised-sites|doc-client-ssh,Control whether PHP requests can write to a WP Cloud site's filesystem with the php_fs_permissions site meta value.,
doc-reserved-http-status-codes,article,WP Cloud HTTP status codes,HTTP status codes,wp-cloud-http-status-codes,/docs/troubleshooting/wp-cloud-http-status-codes/,,Troubleshooting,cat-troubleshooting,3,reference,maintain,approved,A,validated,reviewed_safe,doc-site-meta|doc-rate-limiting|doc-firewalls|doc-troubleshoot-429-599,"Understand HTTP status codes reserved for WP Cloud suspension, maintenance, security, and rate-limiting responses.",
doc-compromised-sites,article,Respond to a compromised site,Respond to a compromised site,compromised-sites,/docs/security/site-security/compromised-sites/,,Security,hub-security-site-security,4,troubleshooting,maintain,needs_technical_review,A,validated,reviewed_safe,doc-malware-scanning|doc-filesystem-permissions|doc-managed-software|doc-password-protection,"Recognize, contain, clean, and secure a compromised WordPress site on WP Cloud without destroying customer data.",
doc-malware-scanning,article,Scan a site for malware,Scan a site for malware,malware-scanning,/docs/security/site-security/malware-scanning/,,Security,hub-security-site-security,3,how_to,maintain,approved,A,validated,reviewed_safe,doc-compromised-sites|doc-webhooks|doc-client-ssh,"Run a one-site WP Cloud malware scan, monitor its response ticket and webhooks, and review detections safely.",
doc-cloudflare,article,Cloudflare and WP Cloud,Cloudflare,cloudflare,/docs/sites/domains/cloudflare/,,Sites,hub-domains,5,how_to,maintain,approved,A,validated,reviewed_safe,doc-ddos-protection|doc-rate-limiting|hub-cache|doc-tls-certificates,"Host partners can advise end users to avoid Cloudflare proxying or configure it to preserve WP Cloud caching, traffic protection, and HTTPS behavior.",
cat-infrastructure,category_hub,Infrastructure,Infrastructure,infrastructure,/docs/infrastructure/,,Infrastructure,,11,overview,maintain,ready_for_review,C,validated,reviewed_safe,cat-getting-started|cat-api-reference|cat-sites,"Understand the servers, network, failover, and platform settings behind WP Cloud.","Category hub for network ranges, server configuration, failover, and origin and edge architecture."
doc-automatic-failover,article,Automated failover,Automated failover,automated-failover,/docs/infrastructure/automated-failover/,,Infrastructure,cat-infrastructure,1,overview,maintain,approved,A,validated,reviewed_safe,doc-ip-ranges|doc-origin-edge-servers|doc-server-specs-settings,Understand how WP Cloud moves traffic to a secondary origin and how cached graceful failover differs.,
doc-ip-ranges,article,IP ranges,IP ranges,ip-ranges,/docs/infrastructure/ip-ranges/,,Infrastructure,cat-infrastructure,2,reference,maintain,approved,A,validated,reviewed_safe,doc-automatic-failover|doc-origin-edge-servers|doc-server-specs-settings,"Understand WP Cloud inbound, shared outbound, and site outbound IP addresses and when each can change.",
doc-origin-edge-servers,article,Origin and edge servers,Origin and edge servers,origin-edge-servers,/docs/infrastructure/origin-edge-servers/,,Infrastructure,cat-infrastructure,3,overview,maintain,approved,A,validated,reviewed_safe,doc-automatic-failover|doc-ip-ranges|doc-server-specs-settings,"Understand how WP Cloud origin and edge servers route requests, place site data, and serve cached responses.",
doc-server-specs-settings,article,Server specifications and settings,Server specifications and settings,server-specs-settings,/docs/infrastructure/server-specs-settings/,,Infrastructure,cat-infrastructure,4,reference,maintain,approved,A,validated,reviewed_safe,doc-automatic-failover|doc-ip-ranges|doc-origin-edge-servers,"Reference WP Cloud server specifications, PHP settings, modules, and configuration boundaries.",
cat-access-users,category_hub,Site access,Site access,site-access,/docs/site-access/,,Site access,,5,overview,maintain,approved,C,validated,reviewed_safe,hub-ssh-sftp|cat-getting-started|cat-api-reference|cat-sites,"Connect partner teams, site users, and tools to sites, files, and databases.","Category hub for SSH, SFTP, database credentials, and phpMyAdmin access."
doc-database-credentials,article,Database credentials,Database credentials,database-credentials,/docs/site-access/database-access/database-credentials/,,Site access,hub-database-access,1,how_to,maintain,approved,A,validated,reviewed_safe,doc-phpmyadmin|doc-ssh-sftp,"Use WP Cloud-managed database credentials safely, reset a password, and understand the limits on direct database access.",
doc-phpmyadmin,article,phpMyAdmin,phpMyAdmin,phpmyadmin,/docs/site-access/database-access/phpmyadmin/,,Site access,hub-database-access,2,how_to,maintain,approved,A,validated,reviewed_safe,doc-database-credentials|doc-ssh-sftp,Generate a time-limited phpMyAdmin login URL and work safely with a WP Cloud site database.,Keep this article focused on phpMyAdmin. Summarize the access boundary elsewhere and link here.
hub-ssh-sftp,topic_hub,SSH and SFTP,SSH and SFTP,ssh-sftp,/docs/site-access/ssh-sftp/,,Site access,cat-access-users,1,overview,maintain,approved,C,validated,reviewed_safe,doc-ssh-sftp|doc-client-ssh|doc-user-ssh-sftp,"Choose the WP Cloud SSH or SFTP access model that fits a partner, developer, support, automation, or customer workflow.",Use one short term description; the theme lists the three child articles automatically.
doc-ssh-sftp,article,SSH and SFTP access models,Access models,access-models,/docs/site-access/ssh-sftp/access-models/,,Site access,hub-ssh-sftp,1,overview,maintain,approved,A,validated,reviewed_safe,doc-client-ssh|doc-user-ssh-sftp|doc-database-credentials|doc-phpmyadmin,"Compare Client SSH with site-scoped User SSH and SFTP access, and understand shared connection behavior, filesystem locations, and session limits.",Keep the comparison and shared service behavior here. Focused setup and management guidance belongs in the two sibling articles. The concurrent site-user connection limit is shared per site across usernames.
doc-client-ssh,article,Client SSH,Client SSH,client-ssh,/docs/site-access/ssh-sftp/client-ssh/,,Site access,hub-ssh-sftp,2,how_to,maintain,approved,A,validated,reviewed_safe,doc-ssh-sftp|doc-user-ssh-sftp|doc-api-quick-start,"Configure and secure Client SSH for partner developers, support teams, panels, and automation that need full access to a selected WP Cloud site.","Use the official Client SSH feature name. Preserve authentication, aliasable keys, client-authorized-keys, firewall metadata, from restrictions, precedence, practical configurations, and connection behavior."
doc-user-ssh-sftp,article,User SSH and SFTP access,User SSH & SFTP,user-ssh-sftp,/docs/site-access/ssh-sftp/user-ssh-sftp/,,Site access,hub-ssh-sftp,3,how_to,maintain,approved,A,validated,reviewed_safe,doc-ssh-sftp|doc-client-ssh|doc-api-quick-start,"Create and manage site-scoped SSH and SFTP credentials for a partner's customers, developers, or support staff.","Keep hostname, username, password and key behavior, access-type precedence, API user lifecycle, current examples, and verification together. Preserve the per-site concurrency clarification and automation failure pattern."
cat-backups-recovery,category_hub,Backups and restores,Backups and restores,backups-restores,/docs/backups-restores/,,Backups and restores,,9,overview,maintain,ready_for_review,C,validated,reviewed_safe,cat-getting-started|cat-api-reference|cat-sites,"Understand WP Cloud backups, create retained backups, and restore site data.","Category hub for backup behavior, on-demand backups, restores, and Jetpack backups."
doc-backups-overview,article,Backups overview,Backups overview,backups-overview,/docs/backups-restores/backups-overview/,,Backups and restores,cat-backups-recovery,1,overview,maintain,approved,A,validated,reviewed_safe,doc-on-demand-backups|doc-jetpack-backups|doc-restore-backup,"Understand WP Cloud filesystem and database backup schedules, retention, downloads, and failover boundaries.","Cover the backup schedule, retention, access, redundancy, and real-time failover. Keep onboarding summaries brief and link here for details."
doc-on-demand-backups,article,Create an on-demand backup,Create an on-demand backup,on-demand-backups,/docs/backups-restores/on-demand-backups/,,Backups and restores,cat-backups-recovery,2,how_to,maintain,approved,A,validated,reviewed_safe,doc-backups-overview|doc-jetpack-backups|doc-restore-backup,Request and replace on-demand filesystem or database backups through the WP Cloud API.,"Keep quotas, asynchronous behavior, deletion prerequisites, and verification together."
doc-jetpack-backups,article,Jetpack backups,Jetpack backups,jetpack-backups,/docs/backups-restores/jetpack-backups/,,Backups and restores,cat-backups-recovery,4,overview,maintain,approved,A,validated,reviewed_safe,doc-backups-overview|doc-on-demand-backups|doc-restore-backup,Understand Jetpack VaultPress Backup as an optional backup and restore service that WP Cloud partners can offer to customers.,"Keep this separate because it describes a distinct backup system, ownership boundary, and restore path."
doc-restore-backup,article,Restore a backup,Restore a backup,restore-backup,/docs/backups-restores/restore-backup/,,Backups and restores,cat-backups-recovery,3,how_to,maintain,approved,A,validated,reviewed_safe,doc-backups-overview|doc-on-demand-backups|doc-jetpack-backups,Restore automatic or on-demand WP Cloud backups into a recommended new site or restore an existing site in place.,Keep backup restore workflows here. Manual file and database import steps belong in the Manual migration article.
cat-monitoring-observability,category_hub,Monitoring and logs,Monitoring and logs,monitoring-logs,/docs/monitoring-logs/,,Monitoring and logs,,10,overview,maintain,ready_for_review,C,validated,reviewed_safe,cat-getting-started|cat-api-reference|cat-sites,"Inspect site metrics, logs, and application performance data.","Category hub for logs, metrics, Insights, APM, and webhooks."
doc-apm,article,Application performance monitoring,Application performance monitoring,apm,/docs/monitoring-logs/apm/,,Monitoring and logs,cat-monitoring-observability,3,how_to,maintain,approved,A,validated,reviewed_safe,doc-metrics|hub-logs|doc-webhooks|doc-troubleshoot-site-performance,Capture request traces for a short window and inspect application work in the temporary APM viewer.,
hub-logs,topic_hub,Logs,Logs,logs,/docs/monitoring-logs/logs/,,Monitoring and logs,cat-monitoring-observability,2,overview,maintain,ready_for_review,C,validated,reviewed_safe,doc-apm|doc-metrics|doc-webhooks,"Use WP Cloud web server and error logs to inspect requests, application errors, and site behavior during development and troubleshooting.",Replace the empty Logs & Metrics parent with a useful overview of available log sources.
doc-metrics,article,Metrics,Metrics,metrics,/docs/monitoring-logs/metrics/,,Monitoring and logs,cat-monitoring-observability,1,reference,maintain,approved,A,validated,reviewed_safe,doc-apm|hub-logs|doc-webhooks|doc-troubleshoot-site-performance,"Query and interpret WP Cloud time-series Metrics for edge traffic, PHP, visitors, MySQL, and site resources.",
doc-webhooks,article,Webhooks,Webhooks,webhooks,/docs/api-automation/webhooks/,,API & automation,cat-api-reference,3,reference,maintain,approved,A,validated,reviewed_safe,doc-api-quick-start|doc-api-access|doc-tasks|doc-on-demand-backups,"Configure WP Cloud webhooks, handle event payloads, and validate webhook signatures.",
doc-error-logs,article,Error logs,Error logs,error-logs,/docs/monitoring-logs/logs/error-logs/,,Monitoring and logs,hub-logs,1,reference,maintain,approved,A,validated,reviewed_safe,doc-web-server-logs|doc-apm|doc-troubleshoot-site-performance,Retrieve WP Cloud PHP error logs and understand how debugging settings and rate limits affect them.,
doc-web-server-logs,article,Web server logs,Web server logs,web-server-logs,/docs/monitoring-logs/logs/web-server-logs/,,Monitoring and logs,hub-logs,2,reference,maintain,approved,B,validated,reviewed_safe,doc-error-logs|doc-metrics|doc-troubleshoot-site-performance,Retrieve WP Cloud origin web server logs and use Metrics for requests served at the edge.,WP Cloud can return 408 to Googlebot for an underlying 5xx response. Direct readers to investigate the original application failure in PHP error logs.
doc-tasks,article,Run bulk tasks across sites,Bulk tasks,bulk-tasks,/docs/api-automation/bulk-tasks/,,API & automation,cat-api-reference,4,how_to,maintain,approved,A,validated,reviewed_safe,,Run and monitor one supported operation across many sites in a WP Cloud host client account.,
cat-migrations,category_hub,Migrations,Migrations,migrations,/docs/migrations/,,Migrations,,4,overview,maintain,ready_for_review,C,validated,reviewed_safe,cat-getting-started|cat-api-reference|cat-sites,Move WordPress sites to WP Cloud with the platform migration tooling.,"Category hub for migration workflows, tooling, and migration media."
doc-manual-migration,article,Manually migrate a site,Manually migrate a site,manual-migration,/docs/migrations/manual-migration/,,Migrations,cat-migrations,99,tutorial,defer,needs_technical_review,A,deferred,reviewed_safe,doc-migration-tooling,Move WordPress files and a database archive into a WP Cloud site through SSH or SFTP.,Keep the manual file and database migration workflow here; restore-only guidance belongs in Restore a backup. Publication remains deferred in favor of native migration tooling. Reassess image and 10 GB constraints before publication.
doc-migration-tooling,article,Migrate a site to WP Cloud,Migrate a site,migrate-site,/docs/migrations/migrate-site/,,Migrations,cat-migrations,1,tutorial,maintain,approved,A,validated,reviewed_safe,doc-api-quick-start,"Prepare, preflight, run, and monitor an SSH migration into a WP Cloud site.",Supplemental video material requires current workflow review plus captions or a transcript before reuse.
cat-troubleshooting,category_hub,Troubleshooting,Troubleshooting,troubleshooting,/docs/troubleshooting/,,Troubleshooting,,14,overview,maintain,not_started,C,not_started,not_started,doc-troubleshoot-page-edge-cache|doc-troubleshoot-429-599|doc-troubleshoot-site-performance,"Diagnose common site, cache, email, certificate, and performance problems.",Use one short term description; the theme lists child categories and articles automatically.
doc-troubleshoot-page-edge-cache,article,Troubleshoot Page and Edge Cache,Page & Edge Cache Issues,page-edge-cache,/docs/troubleshooting/page-edge-cache/,,Troubleshooting,cat-troubleshooting,1,troubleshooting,maintain,approved,A,validated,reviewed_safe,doc-edge-cache|doc-page-cache|doc-troubleshoot-429-599|doc-troubleshoot-site-performance,"Diagnose Page Cache and Edge Cache misses using response headers, cookies, cache controls, bypass code, and plugin errors.","Keep common caching failures, plugin errors, and cache FAQ guidance here. Configuration examples remain in the Page Cache article."
doc-troubleshoot-429-599,article,Troubleshoot HTTP 429 and 599 errors,HTTP 429 & 599 Errors,429-599-errors,/docs/troubleshooting/429-599-errors/,,Troubleshooting,cat-troubleshooting,2,troubleshooting,maintain,approved,A,validated,reviewed_safe,doc-rate-limiting|doc-ddos-defensive-mode|doc-troubleshoot-site-performance|doc-edge-cache|doc-page-cache,"Partner support teams can distinguish visitor-facing HTTP 429 responses from WP Cloud HTTP 599 records, diagnose likely causes, and verify whether mitigation restored legitimate traffic.","Keep this article symptom-specific. Link the reusable Metrics, APM, debugging-plugin, and WP-CLI profiling workflow to doc-troubleshoot-site-performance."
doc-troubleshoot-site-performance,article,Troubleshoot site performance,Site performance,site-performance,/docs/troubleshooting/site-performance/,,Troubleshooting,cat-troubleshooting,4,troubleshooting,maintain,approved,A,validated,reviewed_safe,doc-metrics|doc-apm|doc-web-server-logs|doc-error-logs|doc-object-cache|doc-troubleshoot-page-edge-cache|doc-troubleshoot-429-599,"Use Metrics, logs, APM, WordPress debugging tools, and WP-CLI profiling to diagnose slow or resource-heavy requests.",Keep reusable performance-investigation tools here; symptom-specific 429 and 599 diagnosis remains in its focused article.
doc-troubleshoot-core-config-admin,article,"Troubleshoot duplicate core files, wp-config.php, and wp-admin 403 errors","Core, Config & wp-admin Issues",troubleshoot-core-config-admin,/docs/troubleshooting/troubleshoot-core-config-admin/,,Troubleshooting,cat-troubleshooting,6,troubleshooting,maintain,approved,A,validated,reviewed_safe,doc-default-wp-config|doc-managed-software|doc-client-ssh,"Resolve WP-CLI and wp-admin failures caused by duplicate WordPress core files or a missing, invalid, or mismatched wp-config.php.",
doc-troubleshoot-email-delivery,article,Troubleshoot email delivery,Troubleshoot email delivery,troubleshoot-email-delivery,/docs/troubleshooting/troubleshoot-email-delivery/,,Troubleshooting,cat-troubleshooting,7,troubleshooting,maintain,approved,A,validated,reviewed_safe,doc-wordpress-email|doc-webhooks,"Diagnose transactional email blocks, DNS and sender problems, plugin behavior, recipient filtering, and delivery limits.","Keep basic delivery troubleshooting here. Link architecture, DNS, block APIs, and external providers back to the Transactional email article."
doc-pdf-thumbnail-generation,article,Troubleshoot PDF thumbnail generation,PDF Thumbnail Issues,pdf-thumbnail-generation,/docs/troubleshooting/pdf-thumbnail-generation/,,Troubleshooting,cat-troubleshooting,8,troubleshooting,maintain,approved,B,validated,reviewed_safe,doc-image-transformation|doc-intermediate-image-offloading,Understand why WordPress does not generate PDF preview images on WP Cloud and choose an external thumbnail workflow.,
cat-integrations,category_hub,Integrations,Integrations,integrations,/docs/integrations/,,Integrations,,12,overview,maintain,ready_for_review,C,validated,reviewed_safe,cat-getting-started|cat-api-reference|cat-sites,Connect supported partner panels and tools to WP Cloud.,"Category hub for partner panels, dashboards, and supported integration workflows."
doc-easyengine,article,EasyEngine integration,EasyEngine integration,easyengine,/docs/integrations/easyengine/,,Integrations,cat-integrations,1,tutorial,maintain,approved,A,validated,reviewed_safe,doc-api-access|doc-site-meta|doc-wp-cloud-billing|doc-panelalpha,"Connect an EasyEngine dashboard to a WP Cloud host account, secure its API access, and create a test site.",
doc-panelalpha,article,PanelAlpha integration,PanelAlpha integration,panelalpha,/docs/integrations/panelalpha/,,Integrations,cat-integrations,2,tutorial,maintain,approved,A,validated,reviewed_safe,doc-api-access|doc-client-ssh|doc-site-meta|doc-easyengine,"Connect a self-hosted PanelAlpha control panel to WP Cloud, configure secure API and Client SSH access, and test the customer workflow.",
doc-wp-cloud-station,article,WP Cloud Station,WP Cloud Station,wp-cloud-station,/docs/integrations/wp-cloud-station/,,Integrations,cat-integrations,3,tutorial,maintain,needs_technical_review,B,validated,reviewed_safe,doc-api-access|doc-api-quick-start|doc-easyengine|doc-panelalpha,Install the experimental WP Cloud Station dashboard on a test WordPress site and use it as an API integration example.,
cat-policies-reference,category_hub,Partner resources,Partner resources,partner-resources,/docs/partner-resources/,,Partner resources,,13,overview,maintain,ready_for_review,C,validated,reviewed_safe,cat-getting-started|cat-api-reference|cat-sites,"Find partner billing, branding, policy, compliance, and support information.","Category hub for billing, compliance, legal, branding, and partnership reference material."
doc-compliance,article,Compliance,Compliance,compliance,/docs/partner-resources/policies-compliance/compliance/,,Partner resources,hub-policies-compliance,1,reference,maintain,needs_technical_review,A,validated,reviewed_safe,doc-prohibited-content|doc-copyright-takedown|doc-getting-support,"Review WP Cloud privacy, health-information, and data-center compliance boundaries before offering a regulated service.",
doc-copyright-takedown,article,Copyright infringement and takedown notifications,Copyright infringement and takedown notifications,copyright-takedown,/docs/partner-resources/policies-compliance/copyright-takedown/,,Partner resources,hub-policies-compliance,3,reference,maintain,needs_technical_review,A,validated,reviewed_safe,doc-prohibited-content|doc-compliance|doc-getting-support,"Understand a WP Cloud host partner's response deadline, choices, and repeat-infringer responsibilities after a copyright notice.",
doc-prohibited-content,article,Prohibited content,Prohibited content,prohibited-content,/docs/partner-resources/policies-compliance/prohibited-content/,,Partner resources,hub-policies-compliance,2,reference,maintain,needs_technical_review,A,validated,reviewed_safe,doc-compliance|doc-copyright-takedown|doc-wordpress-email,Understand content and activity that WP Cloud host partners must prohibit in their products and end-user sites.,
doc-white-labelling,article,White labelling and co-marketing WP Cloud,White labelling and co-marketing WP Cloud,white-labelling,/docs/partner-resources/branding-marketing/white-labelling/,,Partner resources,hub-branding-marketing,1,overview,maintain,approved,B,validated,reviewed_safe,doc-wp-cloud-logos|doc-agencies-site-networks|doc-partner-portal,"Choose whether to white label WP Cloud, co-market the platform, or combine both approaches in a host partner product.",
doc-wp-cloud-billing,article,WP Cloud billing,WP Cloud billing,wp-cloud-billing,/docs/partner-resources/wp-cloud-billing/,,Partner resources,cat-policies-reference,3,reference,maintain,approved,A,validated,reviewed_safe,doc-partner-portal|doc-site-meta|doc-staging-sites,"Understand monthly WP Cloud billing, allocated resources, staging-site treatment, plan changes, and payment responsibilities.","Preserve the 30-, 60-, and 90-day delinquency consequences. Supplemental video material requires current pricing review plus captions or a transcript before reuse."
doc-agencies-site-networks,article,WP Cloud for agencies and site networks,WP Cloud for agencies and site networks,agencies-site-networks,/docs/partner-resources/agencies-site-networks/,,Partner resources,cat-policies-reference,4,overview,maintain,approved,B,validated,reviewed_safe,doc-key-onboarding-steps|doc-api-quick-start|doc-white-labelling,Decide whether a direct WP Cloud integration or an existing WP Cloud-powered host better fits an agency or site network.,
doc-wp-cloud-logos,article,WP Cloud logos,WP Cloud logos,wp-cloud-logos,/docs/partner-resources/branding-marketing/wp-cloud-logos/,,Partner resources,hub-branding-marketing,2,reference,maintain,approved,C,validated,reviewed_safe,doc-white-labelling|doc-getting-support,Download current WP Cloud brand assets for approved co-marketing and partner materials.,
ext-api-reference,canonical_external,WP Cloud API reference,API Reference,,,https://wp.cloud/docs/api/,,,,not_applicable,maintain,not_applicable,not_applicable,not_applicable,not_applicable,,,"Use this destination for generated endpoint definitions. Contextual articles keep workflows, caveats, and examples without copying the endpoint reference."
ext-feature-roadmap,canonical_external,WP Cloud product updates,WP Cloud product updates,,,https://wp.cloud/blog/,,,,not_applicable,maintain,not_applicable,not_applicable,not_applicable,not_applicable,,,Replace the static roadmap page with the maintained public WP Cloud blog.
hub-database-access,topic_hub,Database access,Database access,database-access,/docs/site-access/database-access/,,Site access,cat-access-users,2,navigation,maintain,ready_for_review,C,not_applicable,reviewed_safe,,Connect to a site database with managed credentials or phpMyAdmin.,Short topic hub; the theme lists child articles automatically.
hub-wordpress-configuration,topic_hub,WordPress configuration,WordPress configuration,configuration,/docs/wordpress/configuration/,,WordPress on WP Cloud,cat-wordpress-management,1,navigation,maintain,ready_for_review,C,not_applicable,reviewed_safe,,"Understand WP Cloud paths, configuration files, constants, redirects, and headers.",Short topic hub; the theme lists child articles automatically.
hub-security-traffic-protection,topic_hub,Traffic protection,Traffic protection,traffic-protection,/docs/security/traffic-protection/,,Security,cat-security,1,navigation,maintain,ready_for_review,C,not_applicable,reviewed_safe,,"Understand and configure WP Cloud traffic filtering, rate limiting, and DDoS protections.",Short topic hub; the theme lists child articles automatically.
hub-security-login-protection,topic_hub,Login protection,Login protection,login-protection,/docs/security/login-protection/,,Security,cat-security,2,navigation,maintain,ready_for_review,C,not_applicable,reviewed_safe,,Protect WordPress login and password-reset flows from unwanted access and automated traffic.,Short topic hub; the theme lists child articles automatically.
hub-security-site-security,topic_hub,Site security,Site security,site-security,/docs/security/site-security/,,Security,cat-security,3,navigation,maintain,ready_for_review,C,not_applicable,reviewed_safe,,"Manage site-level security controls, permissions, scanning, and incident response.",Short topic hub; the theme lists child articles automatically.
hub-branding-marketing,topic_hub,Branding and marketing,Branding and marketing,branding-marketing,/docs/partner-resources/branding-marketing/,,Partner resources,cat-policies-reference,1,navigation,maintain,ready_for_review,C,not_applicable,reviewed_safe,,Use WP Cloud branding and co-marketing resources in partner products and campaigns.,Short topic hub; the theme lists child articles automatically.
hub-policies-compliance,topic_hub,Policies and compliance,Policies and compliance,policies-compliance,/docs/partner-resources/policies-compliance/,,Partner resources,cat-policies-reference,2,navigation,maintain,ready_for_review,C,not_applicable,reviewed_safe,,"Review the policies, compliance guidance, and reporting processes that apply to WP Cloud partners.",Short topic hub; the theme lists child articles automatically.
doc-ddos-protection,article,DDoS protection,DDoS protection,ddos-protection,/docs/security/traffic-protection/ddos-protection/,,Security,hub-security-traffic-protection,1,overview,maintain,ready_for_review,A,validated,reviewed_safe,doc-edge-cache|doc-rate-limiting|doc-ddos-defensive-mode|doc-cloudflare,"Learn how WP Cloud routes, filters, and mitigates denial-of-service traffic before it reaches WordPress.",Keep the platform DDoS architecture and third-party proxy guidance here.
doc-troubleshoot-tls-provisioning,article,Troubleshoot TLS certificate provisioning,Troubleshoot TLS provisioning,tls-certificate-provisioning,/docs/troubleshooting/tls-certificate-provisioning/,,Troubleshooting,cat-troubleshooting,9,troubleshooting,maintain,ready_for_review,A,validated,reviewed_safe,doc-tls-certificates|doc-manage-domains|doc-domain-verification-records|doc-cloudflare|ext-api-reference,"Diagnose DNS, authorization, proxy, retry, and compatibility problems that prevent TLS certificate provisioning.","Keep DNS, HTTP-01, authorization, proxy, retry, and cipher diagnostics here."
